Series ID,Year,Period,Label,Value
CUSR0000SA0,1960,M01,1960 Jan,29.37
CUSR0000SA0,1960,M02,1960 Feb,29.41
CUSR0000SA0,1960,M03,1960 Mar,29.41
CUSR0000SA0,1960,M04,1960 Apr,29.54
CUSR0000SA0,1960,M05,1960 May,29.57
CUSR0000SA0,1960,M06,1960 Jun,29.61
CUSR0000SA0,1960,M07,1960 Jul,29.55
CUSR0000SA0,1960,M08,1960 Aug,29.61
CUSR0000SA0,1960,M09,1960 Sep,29.61
CUSR0000SA0,1960,M10,1960 Oct,29.75
CUSR0000SA0,1960,M11,1960 Nov,29.78
CUSR0000SA0,1960,M12,1960 Dec,29.81
CUSR0000SA0,1961,M01,1961 Jan,29.84
CUSR0000SA0,1961,M02,1961 Feb,29.84
CUSR0000SA0,1961,M03,1961 Mar,29.84
CUSR0000SA0,1961,M04,1961 Apr,29.81
CUSR0000SA0,1961,M05,1961 May,29.84
CUSR0000SA0,1961,M06,1961 Jun,29.84
CUSR0000SA0,1961,M07,1961 Jul,29.92
CUSR0000SA0,1961,M08,1961 Aug,29.94
CUSR0000SA0,1961,M09,1961 Sep,29.98
CUSR0000SA0,1961,M10,1961 Oct,29.98
CUSR0000SA0,1961,M11,1961 Nov,29.98
CUSR0000SA0,1961,M12,1961 Dec,30.01
CUSR0000SA0,1962,M01,1962 Jan,30.04
CUSR0000SA0,1962,M02,1962 Feb,30.11
CUSR0000SA0,1962,M03,1962 Mar,30.17
CUSR0000SA0,1962,M04,1962 Apr,30.21
CUSR0000SA0,1962,M05,1962 May,30.24
CUSR0000SA0,1962,M06,1962 Jun,30.21
CUSR0000SA0,1962,M07,1962 Jul,30.22
CUSR0000SA0,1962,M08,1962 Aug,30.28
CUSR0000SA0,1962,M09,1962 Sep,30.42
CUSR0000SA0,1962,M10,1962 Oct,30.38
CUSR0000SA0,1962,M11,1962 Nov,30.38
CUSR0000SA0,1962,M12,1962 Dec,30.38
CUSR0000SA0,1963,M01,1963 Jan,30.44
CUSR0000SA0,1963,M02,1963 Feb,30.48
CUSR0000SA0,1963,M03,1963 Mar,30.51
CUSR0000SA0,1963,M04,1963 Apr,30.48
CUSR0000SA0,1963,M05,1963 May,30.51
CUSR0000SA0,1963,M06,1963 Jun,30.61
CUSR0000SA0,1963,M07,1963 Jul,30.69
CUSR0000SA0,1963,M08,1963 Aug,30.75
CUSR0000SA0,1963,M09,1963 Sep,30.72
CUSR0000SA0,1963,M10,1963 Oct,30.75
CUSR0000SA0,1963,M11,1963 Nov,30.78
CUSR0000SA0,1963,M12,1963 Dec,30.88
CUSR0000SA0,1964,M01,1964 Jan,30.94
CUSR0000SA0,1964,M02,1964 Feb,30.91
CUSR0000SA0,1964,M03,1964 Mar,30.94
CUSR0000SA0,1964,M04,1964 Apr,30.95
CUSR0000SA0,1964,M05,1964 May,30.98
CUSR0000SA0,1964,M06,1964 Jun,31.01
CUSR0000SA0,1964,M07,1964 Jul,31.02
CUSR0000SA0,1964,M08,1964 Aug,31.05
CUSR0000SA0,1964,M09,1964 Sep,31.08
CUSR0000SA0,1964,M10,1964 Oct,31.12
CUSR0000SA0,1964,M11,1964 Nov,31.21
CUSR0000SA0,1964,M12,1964 Dec,31.25
CUSR0000SA0,1965,M01,1965 Jan,31.28
CUSR0000SA0,1965,M02,1965 Feb,31.28
CUSR0000SA0,1965,M03,1965 Mar,31.31
CUSR0000SA0,1965,M04,1965 Apr,31.38
CUSR0000SA0,1965,M05,1965 May,31.48
CUSR0000SA0,1965,M06,1965 Jun,31.61
CUSR0000SA0,1965,M07,1965 Jul,31.58
CUSR0000SA0,1965,M08,1965 Aug,31.55
CUSR0000SA0,1965,M09,1965 Sep,31.62
CUSR0000SA0,1965,M10,1965 Oct,31.65
CUSR0000SA0,1965,M11,1965 Nov,31.75
CUSR0000SA0,1965,M12,1965 Dec,31.85
CUSR0000SA0,1966,M01,1966 Jan,31.88
CUSR0000SA0,1966,M02,1966 Feb,32.08
CUSR0000SA0,1966,M03,1966 Mar,32.18
CUSR0000SA0,1966,M04,1966 Apr,32.28
CUSR0000SA0,1966,M05,1966 May,32.35
CUSR0000SA0,1966,M06,1966 Jun,32.38
CUSR0000SA0,1966,M07,1966 Jul,32.45
CUSR0000SA0,1966,M08,1966 Aug,32.65
CUSR0000SA0,1966,M09,1966 Sep,32.75
CUSR0000SA0,1966,M10,1966 Oct,32.85
CUSR0000SA0,1966,M11,1966 Nov,32.88
CUSR0000SA0,1966,M12,1966 Dec,32.92
CUSR0000SA0,1967,M01,1967 Jan,32.9
CUSR0000SA0,1967,M02,1967 Feb,33
CUSR0000SA0,1967,M03,1967 Mar,33
CUSR0000SA0,1967,M04,1967 Apr,33.1
CUSR0000SA0,1967,M05,1967 May,33.1
CUSR0000SA0,1967,M06,1967 Jun,33.3
CUSR0000SA0,1967,M07,1967 Jul,33.4
CUSR0000SA0,1967,M08,1967 Aug,33.5
CUSR0000SA0,1967,M09,1967 Sep,33.6
CUSR0000SA0,1967,M10,1967 Oct,33.7
CUSR0000SA0,1967,M11,1967 Nov,33.9
CUSR0000SA0,1967,M12,1967 Dec,34
CUSR0000SA0,1968,M01,1968 Jan,34.1
CUSR0000SA0,1968,M02,1968 Feb,34.2
CUSR0000SA0,1968,M03,1968 Mar,34.3
CUSR0000SA0,1968,M04,1968 Apr,34.4
CUSR0000SA0,1968,M05,1968 May,34.5
CUSR0000SA0,1968,M06,1968 Jun,34.7
CUSR0000SA0,1968,M07,1968 Jul,34.9
CUSR0000SA0,1968,M08,1968 Aug,35
CUSR0000SA0,1968,M09,1968 Sep,35.1
CUSR0000SA0,1968,M10,1968 Oct,35.3
CUSR0000SA0,1968,M11,1968 Nov,35.4
CUSR0000SA0,1968,M12,1968 Dec,35.6
CUSR0000SA0,1969,M01,1969 Jan,35.7
CUSR0000SA0,1969,M02,1969 Feb,35.8
CUSR0000SA0,1969,M03,1969 Mar,36.1
CUSR0000SA0,1969,M04,1969 Apr,36.3
CUSR0000SA0,1969,M05,1969 May,36.4
CUSR0000SA0,1969,M06,1969 Jun,36.6
CUSR0000SA0,1969,M07,1969 Jul,36.8
CUSR0000SA0,1969,M08,1969 Aug,36.9
CUSR0000SA0,1969,M09,1969 Sep,37.1
CUSR0000SA0,1969,M10,1969 Oct,37.3
CUSR0000SA0,1969,M11,1969 Nov,37.5
CUSR0000SA0,1969,M12,1969 Dec,37.7
CUSR0000SA0,1970,M01,1970 Jan,37.9
CUSR0000SA0,1970,M02,1970 Feb,38.1
CUSR0000SA0,1970,M03,1970 Mar,38.3
CUSR0000SA0,1970,M04,1970 Apr,38.5
CUSR0000SA0,1970,M05,1970 May,38.6
CUSR0000SA0,1970,M06,1970 Jun,38.8
CUSR0000SA0,1970,M07,1970 Jul,38.9
CUSR0000SA0,1970,M08,1970 Aug,39
CUSR0000SA0,1970,M09,1970 Sep,39.2
CUSR0000SA0,1970,M10,1970 Oct,39.4
CUSR0000SA0,1970,M11,1970 Nov,39.6
CUSR0000SA0,1970,M12,1970 Dec,39.8
CUSR0000SA0,1971,M01,1971 Jan,39.9
CUSR0000SA0,1971,M02,1971 Feb,39.9
CUSR0000SA0,1971,M03,1971 Mar,40
CUSR0000SA0,1971,M04,1971 Apr,40.1
CUSR0000SA0,1971,M05,1971 May,40.3
CUSR0000SA0,1971,M06,1971 Jun,40.5
CUSR0000SA0,1971,M07,1971 Jul,40.6
CUSR0000SA0,1971,M08,1971 Aug,40.7
CUSR0000SA0,1971,M09,1971 Sep,40.8
CUSR0000SA0,1971,M10,1971 Oct,40.9
CUSR0000SA0,1971,M11,1971 Nov,41
CUSR0000SA0,1971,M12,1971 Dec,41.1
CUSR0000SA0,1972,M01,1972 Jan,41.2
CUSR0000SA0,1972,M02,1972 Feb,41.4
CUSR0000SA0,1972,M03,1972 Mar,41.4
CUSR0000SA0,1972,M04,1972 Apr,41.5
CUSR0000SA0,1972,M05,1972 May,41.6
CUSR0000SA0,1972,M06,1972 Jun,41.7
CUSR0000SA0,1972,M07,1972 Jul,41.8
CUSR0000SA0,1972,M08,1972 Aug,41.9
CUSR0000SA0,1972,M09,1972 Sep,42.1
CUSR0000SA0,1972,M10,1972 Oct,42.2
CUSR0000SA0,1972,M11,1972 Nov,42.4
CUSR0000SA0,1972,M12,1972 Dec,42.5
CUSR0000SA0,1973,M01,1973 Jan,42.7
CUSR0000SA0,1973,M02,1973 Feb,43
CUSR0000SA0,1973,M03,1973 Mar,43.4
CUSR0000SA0,1973,M04,1973 Apr,43.7
CUSR0000SA0,1973,M05,1973 May,43.9
CUSR0000SA0,1973,M06,1973 Jun,44.2
CUSR0000SA0,1973,M07,1973 Jul,44.2
CUSR0000SA0,1973,M08,1973 Aug,45
CUSR0000SA0,1973,M09,1973 Sep,45.2
CUSR0000SA0,1973,M10,1973 Oct,45.6
CUSR0000SA0,1973,M11,1973 Nov,45.9
CUSR0000SA0,1973,M12,1973 Dec,46.3
CUSR0000SA0,1974,M01,1974 Jan,46.8
CUSR0000SA0,1974,M02,1974 Feb,47.3
CUSR0000SA0,1974,M03,1974 Mar,47.8
CUSR0000SA0,1974,M04,1974 Apr,48.1
CUSR0000SA0,1974,M05,1974 May,48.6
CUSR0000SA0,1974,M06,1974 Jun,49
CUSR0000SA0,1974,M07,1974 Jul,49.3
CUSR0000SA0,1974,M08,1974 Aug,49.9
CUSR0000SA0,1974,M09,1974 Sep,50.6
CUSR0000SA0,1974,M10,1974 Oct,51
CUSR0000SA0,1974,M11,1974 Nov,51.5
CUSR0000SA0,1974,M12,1974 Dec,51.9
CUSR0000SA0,1975,M01,1975 Jan,52.3
CUSR0000SA0,1975,M02,1975 Feb,52.6
CUSR0000SA0,1975,M03,1975 Mar,52.8
CUSR0000SA0,1975,M04,1975 Apr,53
CUSR0000SA0,1975,M05,1975 May,53.1
CUSR0000SA0,1975,M06,1975 Jun,53.5
CUSR0000SA0,1975,M07,1975 Jul,54
CUSR0000SA0,1975,M08,1975 Aug,54.2
CUSR0000SA0,1975,M09,1975 Sep,54.6
CUSR0000SA0,1975,M10,1975 Oct,54.9
CUSR0000SA0,1975,M11,1975 Nov,55.3
CUSR0000SA0,1975,M12,1975 Dec,55.6
CUSR0000SA0,1976,M01,1976 Jan,55.8
CUSR0000SA0,1976,M02,1976 Feb,55.9
CUSR0000SA0,1976,M03,1976 Mar,56
CUSR0000SA0,1976,M04,1976 Apr,56.1
CUSR0000SA0,1976,M05,1976 May,56.4
CUSR0000SA0,1976,M06,1976 Jun,56.7
CUSR0000SA0,1976,M07,1976 Jul,57
CUSR0000SA0,1976,M08,1976 Aug,57.3
CUSR0000SA0,1976,M09,1976 Sep,57.6
CUSR0000SA0,1976,M10,1976 Oct,57.9
CUSR0000SA0,1976,M11,1976 Nov,58.1
CUSR0000SA0,1976,M12,1976 Dec,58.4
CUSR0000SA0,1977,M01,1977 Jan,58.7
CUSR0000SA0,1977,M02,1977 Feb,59.3
CUSR0000SA0,1977,M03,1977 Mar,59.6
CUSR0000SA0,1977,M04,1977 Apr,60
CUSR0000SA0,1977,M05,1977 May,60.2
CUSR0000SA0,1977,M06,1977 Jun,60.5
CUSR0000SA0,1977,M07,1977 Jul,60.8
CUSR0000SA0,1977,M08,1977 Aug,61.1
CUSR0000SA0,1977,M09,1977 Sep,61.3
CUSR0000SA0,1977,M10,1977 Oct,61.6
CUSR0000SA0,1977,M11,1977 Nov,62
CUSR0000SA0,1977,M12,1977 Dec,62.3
CUSR0000SA0,1978,M01,1978 Jan,62.7
CUSR0000SA0,1978,M02,1978 Feb,63
CUSR0000SA0,1978,M03,1978 Mar,63.4
CUSR0000SA0,1978,M04,1978 Apr,63.9
CUSR0000SA0,1978,M05,1978 May,64.5
CUSR0000SA0,1978,M06,1978 Jun,65
CUSR0000SA0,1978,M07,1978 Jul,65.5
CUSR0000SA0,1978,M08,1978 Aug,65.9
CUSR0000SA0,1978,M09,1978 Sep,66.5
CUSR0000SA0,1978,M10,1978 Oct,67.1
CUSR0000SA0,1978,M11,1978 Nov,67.5
CUSR0000SA0,1978,M12,1978 Dec,67.9
CUSR0000SA0,1979,M01,1979 Jan,68.5
CUSR0000SA0,1979,M02,1979 Feb,69.2
CUSR0000SA0,1979,M03,1979 Mar,69.9
CUSR0000SA0,1979,M04,1979 Apr,70.6
CUSR0000SA0,1979,M05,1979 May,71.4
CUSR0000SA0,1979,M06,1979 Jun,72.2
CUSR0000SA0,1979,M07,1979 Jul,73
CUSR0000SA0,1979,M08,1979 Aug,73.7
CUSR0000SA0,1979,M09,1979 Sep,74.4
CUSR0000SA0,1979,M10,1979 Oct,75.2
CUSR0000SA0,1979,M11,1979 Nov,76
CUSR0000SA0,1979,M12,1979 Dec,76.9
CUSR0000SA0,1980,M01,1980 Jan,78
CUSR0000SA0,1980,M02,1980 Feb,79
CUSR0000SA0,1980,M03,1980 Mar,80.1
CUSR0000SA0,1980,M04,1980 Apr,80.9
CUSR0000SA0,1980,M05,1980 May,81.7
CUSR0000SA0,1980,M06,1980 Jun,82.5
CUSR0000SA0,1980,M07,1980 Jul,82.6
CUSR0000SA0,1980,M08,1980 Aug,83.2
CUSR0000SA0,1980,M09,1980 Sep,83.9
CUSR0000SA0,1980,M10,1980 Oct,84.7
CUSR0000SA0,1980,M11,1980 Nov,85.6
CUSR0000SA0,1980,M12,1980 Dec,86.4
CUSR0000SA0,1981,M01,1981 Jan,87.2
CUSR0000SA0,1981,M02,1981 Feb,88
CUSR0000SA0,1981,M03,1981 Mar,88.6
CUSR0000SA0,1981,M04,1981 Apr,89.1
CUSR0000SA0,1981,M05,1981 May,89.7
CUSR0000SA0,1981,M06,1981 Jun,90.5
CUSR0000SA0,1981,M07,1981 Jul,91.5
CUSR0000SA0,1981,M08,1981 Aug,92.2
CUSR0000SA0,1981,M09,1981 Sep,93.1
CUSR0000SA0,1981,M10,1981 Oct,93.4
CUSR0000SA0,1981,M11,1981 Nov,93.8
CUSR0000SA0,1981,M12,1981 Dec,94.1
CUSR0000SA0,1982,M01,1982 Jan,94.4
CUSR0000SA0,1982,M02,1982 Feb,94.7
CUSR0000SA0,1982,M03,1982 Mar,94.7
CUSR0000SA0,1982,M04,1982 Apr,95
CUSR0000SA0,1982,M05,1982 May,95.9
CUSR0000SA0,1982,M06,1982 Jun,97
CUSR0000SA0,1982,M07,1982 Jul,97.5
CUSR0000SA0,1982,M08,1982 Aug,97.7
CUSR0000SA0,1982,M09,1982 Sep,97.7
CUSR0000SA0,1982,M10,1982 Oct,98.1
CUSR0000SA0,1982,M11,1982 Nov,98
CUSR0000SA0,1982,M12,1982 Dec,97.7
CUSR0000SA0,1983,M01,1983 Jan,97.9
CUSR0000SA0,1983,M02,1983 Feb,98
CUSR0000SA0,1983,M03,1983 Mar,98.1
CUSR0000SA0,1983,M04,1983 Apr,98.8
CUSR0000SA0,1983,M05,1983 May,99.2
CUSR0000SA0,1983,M06,1983 Jun,99.4
CUSR0000SA0,1983,M07,1983 Jul,99.8
CUSR0000SA0,1983,M08,1983 Aug,100.1
CUSR0000SA0,1983,M09,1983 Sep,100.4
CUSR0000SA0,1983,M10,1983 Oct,100.8
CUSR0000SA0,1983,M11,1983 Nov,101.1
CUSR0000SA0,1983,M12,1983 Dec,101.4
CUSR0000SA0,1984,M01,1984 Jan,102.1
CUSR0000SA0,1984,M02,1984 Feb,102.6
CUSR0000SA0,1984,M03,1984 Mar,102.9
CUSR0000SA0,1984,M04,1984 Apr,103.3
CUSR0000SA0,1984,M05,1984 May,103.5
CUSR0000SA0,1984,M06,1984 Jun,103.7
CUSR0000SA0,1984,M07,1984 Jul,104.1
CUSR0000SA0,1984,M08,1984 Aug,104.4
CUSR0000SA0,1984,M09,1984 Sep,104.7
CUSR0000SA0,1984,M10,1984 Oct,105.1
CUSR0000SA0,1984,M11,1984 Nov,105.3
CUSR0000SA0,1984,M12,1984 Dec,105.5
CUSR0000SA0,1985,M01,1985 Jan,105.7
CUSR0000SA0,1985,M02,1985 Feb,106.3
CUSR0000SA0,1985,M03,1985 Mar,106.8
CUSR0000SA0,1985,M04,1985 Apr,107
CUSR0000SA0,1985,M05,1985 May,107.2
CUSR0000SA0,1985,M06,1985 Jun,107.5
CUSR0000SA0,1985,M07,1985 Jul,107.7
CUSR0000SA0,1985,M08,1985 Aug,107.9
CUSR0000SA0,1985,M09,1985 Sep,108.1
CUSR0000SA0,1985,M10,1985 Oct,108.5
CUSR0000SA0,1985,M11,1985 Nov,109
CUSR0000SA0,1985,M12,1985 Dec,109.5
CUSR0000SA0,1986,M01,1986 Jan,109.9
CUSR0000SA0,1986,M02,1986 Feb,109.7
CUSR0000SA0,1986,M03,1986 Mar,109.1
CUSR0000SA0,1986,M04,1986 Apr,108.7
CUSR0000SA0,1986,M05,1986 May,109
CUSR0000SA0,1986,M06,1986 Jun,109.4
CUSR0000SA0,1986,M07,1986 Jul,109.5
CUSR0000SA0,1986,M08,1986 Aug,109.6
CUSR0000SA0,1986,M09,1986 Sep,110
CUSR0000SA0,1986,M10,1986 Oct,110.2
CUSR0000SA0,1986,M11,1986 Nov,110.4
CUSR0000SA0,1986,M12,1986 Dec,110.8
CUSR0000SA0,1987,M01,1987 Jan,111.4
CUSR0000SA0,1987,M02,1987 Feb,111.8
CUSR0000SA0,1987,M03,1987 Mar,112.2
CUSR0000SA0,1987,M04,1987 Apr,112.7
CUSR0000SA0,1987,M05,1987 May,113
CUSR0000SA0,1987,M06,1987 Jun,113.5
CUSR0000SA0,1987,M07,1987 Jul,113.8
CUSR0000SA0,1987,M08,1987 Aug,114.3
CUSR0000SA0,1987,M09,1987 Sep,114.7
CUSR0000SA0,1987,M10,1987 Oct,115
CUSR0000SA0,1987,M11,1987 Nov,115.4
CUSR0000SA0,1987,M12,1987 Dec,115.6
CUSR0000SA0,1988,M01,1988 Jan,116
CUSR0000SA0,1988,M02,1988 Feb,116.2
CUSR0000SA0,1988,M03,1988 Mar,116.5
CUSR0000SA0,1988,M04,1988 Apr,117.2
CUSR0000SA0,1988,M05,1988 May,117.5
CUSR0000SA0,1988,M06,1988 Jun,118
CUSR0000SA0,1988,M07,1988 Jul,118.5
CUSR0000SA0,1988,M08,1988 Aug,119
CUSR0000SA0,1988,M09,1988 Sep,119.5
CUSR0000SA0,1988,M10,1988 Oct,119.9
CUSR0000SA0,1988,M11,1988 Nov,120.3
CUSR0000SA0,1988,M12,1988 Dec,120.7
CUSR0000SA0,1989,M01,1989 Jan,121.2
CUSR0000SA0,1989,M02,1989 Feb,121.6
CUSR0000SA0,1989,M03,1989 Mar,122.2
CUSR0000SA0,1989,M04,1989 Apr,123.1
CUSR0000SA0,1989,M05,1989 May,123.7
CUSR0000SA0,1989,M06,1989 Jun,124.1
CUSR0000SA0,1989,M07,1989 Jul,124.5
CUSR0000SA0,1989,M08,1989 Aug,124.5
CUSR0000SA0,1989,M09,1989 Sep,124.8
CUSR0000SA0,1989,M10,1989 Oct,125.4
CUSR0000SA0,1989,M11,1989 Nov,125.9
CUSR0000SA0,1989,M12,1989 Dec,126.3
CUSR0000SA0,1990,M01,1990 Jan,127.5
CUSR0000SA0,1990,M02,1990 Feb,128
CUSR0000SA0,1990,M03,1990 Mar,128.6
CUSR0000SA0,1990,M04,1990 Apr,128.9
CUSR0000SA0,1990,M05,1990 May,129.1
CUSR0000SA0,1990,M06,1990 Jun,129.9
CUSR0000SA0,1990,M07,1990 Jul,130.5
CUSR0000SA0,1990,M08,1990 Aug,131.6
CUSR0000SA0,1990,M09,1990 Sep,132.5
CUSR0000SA0,1990,M10,1990 Oct,133.4
CUSR0000SA0,1990,M11,1990 Nov,133.7
CUSR0000SA0,1990,M12,1990 Dec,134.2
CUSR0000SA0,1991,M01,1991 Jan,134.7
CUSR0000SA0,1991,M02,1991 Feb,134.8
CUSR0000SA0,1991,M03,1991 Mar,134.8
CUSR0000SA0,1991,M04,1991 Apr,135.1
CUSR0000SA0,1991,M05,1991 May,135.6
CUSR0000SA0,1991,M06,1991 Jun,136
CUSR0000SA0,1991,M07,1991 Jul,136.2
CUSR0000SA0,1991,M08,1991 Aug,136.6
CUSR0000SA0,1991,M09,1991 Sep,137
CUSR0000SA0,1991,M10,1991 Oct,137.2
CUSR0000SA0,1991,M11,1991 Nov,137.8
CUSR0000SA0,1991,M12,1991 Dec,138.2
CUSR0000SA0,1992,M01,1992 Jan,138.3
CUSR0000SA0,1992,M02,1992 Feb,138.6
CUSR0000SA0,1992,M03,1992 Mar,139.1
CUSR0000SA0,1992,M04,1992 Apr,139.4
CUSR0000SA0,1992,M05,1992 May,139.7
CUSR0000SA0,1992,M06,1992 Jun,140.1
CUSR0000SA0,1992,M07,1992 Jul,140.5
CUSR0000SA0,1992,M08,1992 Aug,140.8
CUSR0000SA0,1992,M09,1992 Sep,141.1
CUSR0000SA0,1992,M10,1992 Oct,141.7
CUSR0000SA0,1992,M11,1992 Nov,142.1
CUSR0000SA0,1992,M12,1992 Dec,142.3
CUSR0000SA0,1993,M01,1993 Jan,142.8
CUSR0000SA0,1993,M02,1993 Feb,143.1
CUSR0000SA0,1993,M03,1993 Mar,143.3
CUSR0000SA0,1993,M04,1993 Apr,143.8
CUSR0000SA0,1993,M05,1993 May,144.2
CUSR0000SA0,1993,M06,1993 Jun,144.3
CUSR0000SA0,1993,M07,1993 Jul,144.5
CUSR0000SA0,1993,M08,1993 Aug,144.8
CUSR0000SA0,1993,M09,1993 Sep,145
CUSR0000SA0,1993,M10,1993 Oct,145.6
CUSR0000SA0,1993,M11,1993 Nov,146
CUSR0000SA0,1993,M12,1993 Dec,146.3
CUSR0000SA0,1994,M01,1994 Jan,146.3
CUSR0000SA0,1994,M02,1994 Feb,146.7
CUSR0000SA0,1994,M03,1994 Mar,147.1
CUSR0000SA0,1994,M04,1994 Apr,147.2
CUSR0000SA0,1994,M05,1994 May,147.5
CUSR0000SA0,1994,M06,1994 Jun,147.9
CUSR0000SA0,1994,M07,1994 Jul,148.4
CUSR0000SA0,1994,M08,1994 Aug,149
CUSR0000SA0,1994,M09,1994 Sep,149.3
CUSR0000SA0,1994,M10,1994 Oct,149.4
CUSR0000SA0,1994,M11,1994 Nov,149.8
CUSR0000SA0,1994,M12,1994 Dec,150.1
CUSR0000SA0,1995,M01,1995 Jan,150.5
CUSR0000SA0,1995,M02,1995 Feb,150.9
CUSR0000SA0,1995,M03,1995 Mar,151.2
CUSR0000SA0,1995,M04,1995 Apr,151.8
CUSR0000SA0,1995,M05,1995 May,152.1
CUSR0000SA0,1995,M06,1995 Jun,152.4
CUSR0000SA0,1995,M07,1995 Jul,152.6
CUSR0000SA0,1995,M08,1995 Aug,152.9
CUSR0000SA0,1995,M09,1995 Sep,153.1
CUSR0000SA0,1995,M10,1995 Oct,153.5
CUSR0000SA0,1995,M11,1995 Nov,153.7
CUSR0000SA0,1995,M12,1995 Dec,153.9
CUSR0000SA0,1996,M01,1996 Jan,154.7
CUSR0000SA0,1996,M02,1996 Feb,155
CUSR0000SA0,1996,M03,1996 Mar,155.5
CUSR0000SA0,1996,M04,1996 Apr,156.1
CUSR0000SA0,1996,M05,1996 May,156.4
CUSR0000SA0,1996,M06,1996 Jun,156.7
CUSR0000SA0,1996,M07,1996 Jul,157
CUSR0000SA0,1996,M08,1996 Aug,157.2
CUSR0000SA0,1996,M09,1996 Sep,157.7
CUSR0000SA0,1996,M10,1996 Oct,158.2
CUSR0000SA0,1996,M11,1996 Nov,158.7
CUSR0000SA0,1996,M12,1996 Dec,159.1
CUSR0000SA0,1997,M01,1997 Jan,159.4
CUSR0000SA0,1997,M02,1997 Feb,159.7
CUSR0000SA0,1997,M03,1997 Mar,159.8
CUSR0000SA0,1997,M04,1997 Apr,159.9
CUSR0000SA0,1997,M05,1997 May,159.9
CUSR0000SA0,1997,M06,1997 Jun,160.2
CUSR0000SA0,1997,M07,1997 Jul,160.4
CUSR0000SA0,1997,M08,1997 Aug,160.8
CUSR0000SA0,1997,M09,1997 Sep,161.2
CUSR0000SA0,1997,M10,1997 Oct,161.5
CUSR0000SA0,1997,M11,1997 Nov,161.7
CUSR0000SA0,1997,M12,1997 Dec,161.8
CUSR0000SA0,1998,M01,1998 Jan,162
CUSR0000SA0,1998,M02,1998 Feb,162
CUSR0000SA0,1998,M03,1998 Mar,162
CUSR0000SA0,1998,M04,1998 Apr,162.2
CUSR0000SA0,1998,M05,1998 May,162.6
CUSR0000SA0,1998,M06,1998 Jun,162.8
CUSR0000SA0,1998,M07,1998 Jul,163.2
CUSR0000SA0,1998,M08,1998 Aug,163.4
CUSR0000SA0,1998,M09,1998 Sep,163.5
CUSR0000SA0,1998,M10,1998 Oct,163.9
CUSR0000SA0,1998,M11,1998 Nov,164.1
CUSR0000SA0,1998,M12,1998 Dec,164.4
CUSR0000SA0,1999,M01,1999 Jan,164.7
CUSR0000SA0,1999,M02,1999 Feb,164.7
CUSR0000SA0,1999,M03,1999 Mar,164.8
CUSR0000SA0,1999,M04,1999 Apr,165.9
CUSR0000SA0,1999,M05,1999 May,166
CUSR0000SA0,1999,M06,1999 Jun,166
CUSR0000SA0,1999,M07,1999 Jul,166.7
CUSR0000SA0,1999,M08,1999 Aug,167.1
CUSR0000SA0,1999,M09,1999 Sep,167.8
CUSR0000SA0,1999,M10,1999 Oct,168.1
CUSR0000SA0,1999,M11,1999 Nov,168.4
CUSR0000SA0,1999,M12,1999 Dec,168.8
CUSR0000SA0,2000,M01,2000 Jan,169.3
CUSR0000SA0,2000,M02,2000 Feb,170
CUSR0000SA0,2000,M03,2000 Mar,171
CUSR0000SA0,2000,M04,2000 Apr,170.9
CUSR0000SA0,2000,M05,2000 May,171.2
CUSR0000SA0,2000,M06,2000 Jun,172.2
CUSR0000SA0,2000,M07,2000 Jul,172.7
CUSR0000SA0,2000,M08,2000 Aug,172.7
CUSR0000SA0,2000,M09,2000 Sep,173.6
CUSR0000SA0,2000,M10,2000 Oct,173.9
CUSR0000SA0,2000,M11,2000 Nov,174.2
CUSR0000SA0,2000,M12,2000 Dec,174.6
CUSR0000SA0,2001,M01,2001 Jan,175.6
CUSR0000SA0,2001,M02,2001 Feb,176
CUSR0000SA0,2001,M03,2001 Mar,176.1
CUSR0000SA0,2001,M04,2001 Apr,176.4
CUSR0000SA0,2001,M05,2001 May,177.3
CUSR0000SA0,2001,M06,2001 Jun,177.7
CUSR0000SA0,2001,M07,2001 Jul,177.4
CUSR0000SA0,2001,M08,2001 Aug,177.4
CUSR0000SA0,2001,M09,2001 Sep,178.1
CUSR0000SA0,2001,M10,2001 Oct,177.6
CUSR0000SA0,2001,M11,2001 Nov,177.5
CUSR0000SA0,2001,M12,2001 Dec,177.4
CUSR0000SA0,2002,M01,2002 Jan,177.7
CUSR0000SA0,2002,M02,2002 Feb,178
CUSR0000SA0,2002,M03,2002 Mar,178.5
CUSR0000SA0,2002,M04,2002 Apr,179.3
CUSR0000SA0,2002,M05,2002 May,179.5
CUSR0000SA0,2002,M06,2002 Jun,179.6
CUSR0000SA0,2002,M07,2002 Jul,180
CUSR0000SA0,2002,M08,2002 Aug,180.5
CUSR0000SA0,2002,M09,2002 Sep,180.8
CUSR0000SA0,2002,M10,2002 Oct,181.2
CUSR0000SA0,2002,M11,2002 Nov,181.5
CUSR0000SA0,2002,M12,2002 Dec,181.8
CUSR0000SA0,2003,M01,2003 Jan,182.6
CUSR0000SA0,2003,M02,2003 Feb,183.6
CUSR0000SA0,2003,M03,2003 Mar,183.9
CUSR0000SA0,2003,M04,2003 Apr,183.2
CUSR0000SA0,2003,M05,2003 May,182.9
CUSR0000SA0,2003,M06,2003 Jun,183.1
CUSR0000SA0,2003,M07,2003 Jul,183.7
CUSR0000SA0,2003,M08,2003 Aug,184.5
CUSR0000SA0,2003,M09,2003 Sep,185.1
CUSR0000SA0,2003,M10,2003 Oct,184.9
CUSR0000SA0,2003,M11,2003 Nov,185
CUSR0000SA0,2003,M12,2003 Dec,185.5
CUSR0000SA0,2004,M01,2004 Jan,186.3
CUSR0000SA0,2004,M02,2004 Feb,186.7
CUSR0000SA0,2004,M03,2004 Mar,187.1
CUSR0000SA0,2004,M04,2004 Apr,187.4
CUSR0000SA0,2004,M05,2004 May,188.2
CUSR0000SA0,2004,M06,2004 Jun,188.9
CUSR0000SA0,2004,M07,2004 Jul,189.1
CUSR0000SA0,2004,M08,2004 Aug,189.2
CUSR0000SA0,2004,M09,2004 Sep,189.8
CUSR0000SA0,2004,M10,2004 Oct,190.8
CUSR0000SA0,2004,M11,2004 Nov,191.7
CUSR0000SA0,2004,M12,2004 Dec,191.7
CUSR0000SA0,2005,M01,2005 Jan,191.6
CUSR0000SA0,2005,M02,2005 Feb,192.4
CUSR0000SA0,2005,M03,2005 Mar,193.1
CUSR0000SA0,2005,M04,2005 Apr,193.7
CUSR0000SA0,2005,M05,2005 May,193.6
CUSR0000SA0,2005,M06,2005 Jun,193.7
CUSR0000SA0,2005,M07,2005 Jul,194.9
CUSR0000SA0,2005,M08,2005 Aug,196.1
CUSR0000SA0,2005,M09,2005 Sep,198.8
CUSR0000SA0,2005,M10,2005 Oct,199.1
CUSR0000SA0,2005,M11,2005 Nov,198.1
CUSR0000SA0,2005,M12,2005 Dec,198.1
CUSR0000SA0,2006,M01,2006 Jan,199.3
CUSR0000SA0,2006,M02,2006 Feb,199.4
CUSR0000SA0,2006,M03,2006 Mar,199.7
CUSR0000SA0,2006,M04,2006 Apr,200.7
CUSR0000SA0,2006,M05,2006 May,201.3
CUSR0000SA0,2006,M06,2006 Jun,201.8
CUSR0000SA0,2006,M07,2006 Jul,202.9
CUSR0000SA0,2006,M08,2006 Aug,203.8
CUSR0000SA0,2006,M09,2006 Sep,202.8
CUSR0000SA0,2006,M10,2006 Oct,201.9
CUSR0000SA0,2006,M11,2006 Nov,202
CUSR0000SA0,2006,M12,2006 Dec,203.1
CUSR0000SA0,2007,M01,2007 Jan,203.437
CUSR0000SA0,2007,M02,2007 Feb,204.226
CUSR0000SA0,2007,M03,2007 Mar,205.288
CUSR0000SA0,2007,M04,2007 Apr,205.904
CUSR0000SA0,2007,M05,2007 May,206.755
CUSR0000SA0,2007,M06,2007 Jun,207.234
CUSR0000SA0,2007,M07,2007 Jul,207.603
CUSR0000SA0,2007,M08,2007 Aug,207.667
CUSR0000SA0,2007,M09,2007 Sep,208.547
CUSR0000SA0,2007,M10,2007 Oct,209.19
CUSR0000SA0,2007,M11,2007 Nov,210.834
CUSR0000SA0,2007,M12,2007 Dec,211.445
CUSR0000SA0,2008,M01,2008 Jan,212.174
CUSR0000SA0,2008,M02,2008 Feb,212.687
CUSR0000SA0,2008,M03,2008 Mar,213.448
CUSR0000SA0,2008,M04,2008 Apr,213.942
CUSR0000SA0,2008,M05,2008 May,215.208
CUSR0000SA0,2008,M06,2008 Jun,217.463
CUSR0000SA0,2008,M07,2008 Jul,219.016
CUSR0000SA0,2008,M08,2008 Aug,218.69
CUSR0000SA0,2008,M09,2008 Sep,218.877
CUSR0000SA0,2008,M10,2008 Oct,216.995
CUSR0000SA0,2008,M11,2008 Nov,213.153
CUSR0000SA0,2008,M12,2008 Dec,211.398
CUSR0000SA0,2009,M01,2009 Jan,211.933
CUSR0000SA0,2009,M02,2009 Feb,212.705
CUSR0000SA0,2009,M03,2009 Mar,212.495
CUSR0000SA0,2009,M04,2009 Apr,212.709
CUSR0000SA0,2009,M05,2009 May,213.022
CUSR0000SA0,2009,M06,2009 Jun,214.79
CUSR0000SA0,2009,M07,2009 Jul,214.726
CUSR0000SA0,2009,M08,2009 Aug,215.445
CUSR0000SA0,2009,M09,2009 Sep,215.861
CUSR0000SA0,2009,M10,2009 Oct,216.509
CUSR0000SA0,2009,M11,2009 Nov,217.234
CUSR0000SA0,2009,M12,2009 Dec,217.347
CUSR0000SA0,2010,M01,2010 Jan,217.488
CUSR0000SA0,2010,M02,2010 Feb,217.281
CUSR0000SA0,2010,M03,2010 Mar,217.353
CUSR0000SA0,2010,M04,2010 Apr,217.403
CUSR0000SA0,2010,M05,2010 May,217.29
CUSR0000SA0,2010,M06,2010 Jun,217.199
CUSR0000SA0,2010,M07,2010 Jul,217.605
CUSR0000SA0,2010,M08,2010 Aug,217.923
CUSR0000SA0,2010,M09,2010 Sep,218.275
CUSR0000SA0,2010,M10,2010 Oct,219.035
CUSR0000SA0,2010,M11,2010 Nov,219.59
CUSR0000SA0,2010,M12,2010 Dec,220.472
CUSR0000SA0,2011,M01,2011 Jan,221.187
CUSR0000SA0,2011,M02,2011 Feb,221.898
CUSR0000SA0,2011,M03,2011 Mar,223.046
CUSR0000SA0,2011,M04,2011 Apr,224.093
CUSR0000SA0,2011,M05,2011 May,224.806
CUSR0000SA0,2011,M06,2011 Jun,224.806
CUSR0000SA0,2011,M07,2011 Jul,225.395
CUSR0000SA0,2011,M08,2011 Aug,226.106
CUSR0000SA0,2011,M09,2011 Sep,226.597
CUSR0000SA0,2011,M10,2011 Oct,226.75
CUSR0000SA0,2011,M11,2011 Nov,227.169
CUSR0000SA0,2011,M12,2011 Dec,227.223
CUSR0000SA0,2012,M01,2012 Jan,227.842
CUSR0000SA0,2012,M02,2012 Feb,228.329
CUSR0000SA0,2012,M03,2012 Mar,228.807
CUSR0000SA0,2012,M04,2012 Apr,229.187
CUSR0000SA0,2012,M05,2012 May,228.713
CUSR0000SA0,2012,M06,2012 Jun,228.524
CUSR0000SA0,2012,M07,2012 Jul,228.59
CUSR0000SA0,2012,M08,2012 Aug,229.918
CUSR0000SA0,2012,M09,2012 Sep,231.015
CUSR0000SA0,2012,M10,2012 Oct,231.638
CUSR0000SA0,2012,M11,2012 Nov,231.249
CUSR0000SA0,2012,M12,2012 Dec,231.221
CUSR0000SA0,2013,M01,2013 Jan,231.679
CUSR0000SA0,2013,M02,2013 Feb,232.937
CUSR0000SA0,2013,M03,2013 Mar,232.282
CUSR0000SA0,2013,M04,2013 Apr,231.797
CUSR0000SA0,2013,M05,2013 May,231.893
CUSR0000SA0,2013,M06,2013 Jun,232.445
CUSR0000SA0,2013,M07,2013 Jul,232.9
CUSR0000SA0,2013,M08,2013 Aug,233.456
CUSR0000SA0,2013,M09,2013 Sep,233.544
CUSR0000SA0,2013,M10,2013 Oct,233.669
CUSR0000SA0,2013,M11,2013 Nov,234.1
CUSR0000SA0,2013,M12,2013 Dec,234.719
CUSR0000SA0,2014,M01,2014 Jan,235.288
CUSR0000SA0,2014,M02,2014 Feb,235.547
CUSR0000SA0,2014,M03,2014 Mar,236.028
CUSR0000SA0,2014,M04,2014 Apr,236.468
CUSR0000SA0,2014,M05,2014 May,236.918
CUSR0000SA0,2014,M06,2014 Jun,237.231
CUSR0000SA0,2014,M07,2014 Jul,237.498
CUSR0000SA0,2014,M08,2014 Aug,237.46
CUSR0000SA0,2014,M09,2014 Sep,237.477
CUSR0000SA0,2014,M10,2014 Oct,237.43
CUSR0000SA0,2014,M11,2014 Nov,236.983
CUSR0000SA0,2014,M12,2014 Dec,236.252
CUSR0000SA0,2015,M01,2015 Jan,234.747
CUSR0000SA0,2015,M02,2015 Feb,235.342
CUSR0000SA0,2015,M03,2015 Mar,235.976
CUSR0000SA0,2015,M04,2015 Apr,236.222
CUSR0000SA0,2015,M05,2015 May,237.001
CUSR0000SA0,2015,M06,2015 Jun,237.657
CUSR0000SA0,2015,M07,2015 Jul,238.034
CUSR0000SA0,2015,M08,2015 Aug,238.033
CUSR0000SA0,2015,M09,2015 Sep,237.498
CUSR0000SA0,2015,M10,2015 Oct,237.733
CUSR0000SA0,2015,M11,2015 Nov,238.017
CUSR0000SA0,2015,M12,2015 Dec,237.761
CUSR0000SA0,2016,M01,2016 Jan,237.652
CUSR0000SA0,2016,M02,2016 Feb,237.336
CUSR0000SA0,2016,M03,2016 Mar,238.08
CUSR0000SA0,2016,M04,2016 Apr,238.992
CUSR0000SA0,2016,M05,2016 May,239.557
CUSR0000SA0,2016,M06,2016 Jun,240.222
CUSR0000SA0,2016,M07,2016 Jul,240.101
CUSR0000SA0,2016,M08,2016 Aug,240.545
CUSR0000SA0,2016,M09,2016 Sep,241.176
CUSR0000SA0,2016,M10,2016 Oct,241.741
CUSR0000SA0,2016,M11,2016 Nov,242.026
CUSR0000SA0,2016,M12,2016 Dec,242.637
CUSR0000SA0,2017,M01,2017 Jan,243.62
CUSR0000SA0,2017,M02,2017 Feb,243.872
CUSR0000SA0,2017,M03,2017 Mar,243.766
CUSR0000SA0,2017,M04,2017 Apr,244.274
CUSR0000SA0,2017,M05,2017 May,244.069
CUSR0000SA0,2017,M06,2017 Jun,244.218
CUSR0000SA0,2017,M07,2017 Jul,244.28
CUSR0000SA0,2017,M08,2017 Aug,245.205
CUSR0000SA0,2017,M09,2017 Sep,246.551
CUSR0000SA0,2017,M10,2017 Oct,246.657
CUSR0000SA0,2017,M11,2017 Nov,247.378
CUSR0000SA0,2017,M12,2017 Dec,247.736
CUSR0000SA0,2018,M01,2018 Jan,248.721
CUSR0000SA0,2018,M02,2018 Feb,249.3
CUSR0000SA0,2018,M03,2018 Mar,249.517
CUSR0000SA0,2018,M04,2018 Apr,250.275
CUSR0000SA0,2018,M05,2018 May,250.786
CUSR0000SA0,2018,M06,2018 Jun,251.152
CUSR0000SA0,2018,M07,2018 Jul,251.345
CUSR0000SA0,2018,M08,2018 Aug,251.735
CUSR0000SA0,2018,M09,2018 Sep,252.183
CUSR0000SA0,2018,M10,2018 Oct,252.899
CUSR0000SA0,2018,M11,2018 Nov,252.822
CUSR0000SA0,2018,M12,2018 Dec,252.493
CUSR0000SA0,2019,M01,2019 Jan,252.441
CUSR0000SA0,2019,M02,2019 Feb,252.969
CUSR0000SA0,2019,M03,2019 Mar,254.147
CUSR0000SA0,2019,M04,2019 Apr,255.326
CUSR0000SA0,2019,M05,2019 May,255.371
CUSR0000SA0,2019,M06,2019 Jun,255.423
CUSR0000SA0,2019,M07,2019 Jul,255.925
CUSR0000SA0,2019,M08,2019 Aug,256.118
CUSR0000SA0,2019,M09,2019 Sep,256.532
CUSR0000SA0,2019,M10,2019 Oct,257.387
CUSR0000SA0,2019,M11,2019 Nov,257.989
CUSR0000SA0,2019,M12,2019 Dec,258.203
CUSR0000SA0,2020,M01,2020 Jan,258.687
CUSR0000SA0,2020,M02,2020 Feb,258.824
CUSR0000SA0,2020,M03,2020 Mar,257.989
CUSR0000SA0,2020,M04,2020 Apr,256.192
CUSR0000SA0,2020,M05,2020 May,255.942
CUSR0000SA0,2020,M06,2020 Jun,257.282
CUSR0000SA0,2020,M07,2020 Jul,258.604
CUSR0000SA0,2020,M08,2020 Aug,259.511
CUSR0000SA0,2020,M09,2020 Sep,260.149
CUSR0000SA0,2020,M10,2020 Oct,260.462
CUSR0000SA0,2020,M11,2020 Nov,260.927
CUSR0000SA0,2020,M12,2020 Dec,261.56
CUSR0000SA0,2021,M01,2021 Jan,262.231
CUSR0000SA0,2021,M02,2021 Feb,263.161
CUSR0000SA0,2021,M03,2021 Mar,264.793
CUSR0000SA0,2021,M04,2021 Apr,266.832
CUSR0000SA0,2021,M05,2021 May,268.551
CUSR0000SA0,2021,M06,2021 Jun,270.981
CUSR0000SA0,2021,M07,2021 Jul,272.265
CUSR0000SA0,2021,M08,2021 Aug,273.012
CUSR0000SA0,2021,M09,2021 Sep,274.138
